username,email,status,billing-active,has-2fa,has-sso
adamtaylor,adamtaylor032@gmail.com,Member,1,0,0
aligajani,aligajani@gmail.com,Disabled,0,0,0
cads,carole.anne.dossantos@gmail.com,Member,1,0,0
caroline,csoalhat@gmail.com,Member,1,0,0
charlottekh,charlotte.katharine.hogg@gmail.com,Member,1,0,0
christian_benesch,christian@benesch.info,Member,1,0,0
daffney,daphnelabeille@gmail.com,Member,1,0,0
david.r.welsh,sarelnik2015@yahoo.com,Disabled,0,0,0
davidbeaumont,davidbeaumont@gmx.com,Member,1,0,0
emilythompson,emily.thompson@projectremain.com,Member,1,0,0
erikasal,erikasaluzzo@gmail.com,Member,1,0,0
fred_salmon,fsalmon1@gmail.com,Member,1,0,0
gabriella,artgardosi@gmail.com,Member,1,0,0
gil,gilad.mcateer@gmail.com,Member,1,0,0
holla,chris@pebbletreestudios.co.uk,Member,1,0,0
hutch_sarah,sarah@hutchinsonsarah.com,Member,1,0,0
jamesh,jamesmhamilton6@gmail.com,Member,1,0,0
jem,jembops83@gmail.com,Disabled,0,0,0
jessica,jessicamaudrodgers@gmail.com,Member,1,0,0
justin,justin@vashonmedia.com,Member,1,0,0
keiran,keiran.macdermott@gmail.com,Member,1,0,0
peter.berrecloth,peterberrecloth@gmail.com,Member,1,0,0
projectremain,joshua@easemeet.com,"Primary Owner",1,0,0
scottscott,scottmfisher@me.com,Member,1,0,0
sgodwin3,samantha.godwin@yale.edu,Member,1,0,0
sophiepriestley,sp359@msn.com,Member,1,0,0
steveaak,stevehaak@gmail.com,Member,1,0,0
stew,stewart@breentry.co.uk,Member,1,0,0
suellar,suelay@gmail.com,Disabled,0,0,0
thepauladams,adams.paul.t@gmail.com,Disabled,0,0,0
tomb,tom.brufatto@gmail.com,Member,1,0,0
trello,botuser-T0VA91K46-B1NFC4EM6@slack-bots.com,Bot,0,0,0
zak_pearce,zak.pearce@hotmail.com,Member,1,0,0
